rank,signal,rule_id,severity,impact,score_contribution,title,file,start_line,duplicate_count,next_step
1,pattern_fragmentation,pattern_fragmentation,high,0.6988,0.1576,error_handling: 22 variants in scripts/,scripts,,1,Consolidate 22 pattern variants in scripts
2,pattern_fragmentation,pattern_fragmentation,high,0.6932,0.1576,error_handling: 18 variants in src/drift/signals/,src/drift/signals,,1,Consolidate 18 pattern variants in src/drift/signals
3,pattern_fragmentation,pattern_fragmentation,high,0.6813,0.1576,error_handling: 18 variants in src/drift/,src/drift,,1,Consolidate 18 pattern variants in src/drift
4,pattern_fragmentation,pattern_fragmentation,high,0.4927,0.1576,error_handling: 8 variants in src/drift/ingestion/,src/drift/ingestion,,1,Consolidate 8 pattern variants in src/drift/ingestion
5,pattern_fragmentation,pattern_fragmentation,high,0.4927,0.1576,error_handling: 6 variants in tests/,tests,,1,Consolidate 6 pattern variants in tests
6,pattern_fragmentation,pattern_fragmentation,medium,0.2239,0.1051,error_handling: 3 variants in src/drift/commands/,src/drift/commands,,1,Consolidate 3 pattern variants in src/drift/commands
7,pattern_fragmentation,pattern_fragmentation,medium,0.1985,0.082,error_handling: 2 variants in src/drift/analyzers/typescript/,src/drift/analyzers/typescript,,1,Consolidate 2 pattern variants in src/drift/analyzers/typescript
8,mutant_duplicate,mutant_duplicate,high,0.1981,0.1153,Exact duplicates (2×): _run_signals_on_fixture,scripts/copilot_context_benchmark.py,89,1,Merge '_run_signals_on_fixture' and '_run_signals_on_fixture' (across scripts/copilot_context_benchmark.py and tests/test_copilot_context_coverage.py)
9,mutant_duplicate,mutant_duplicate,high,0.1981,0.1153,Exact duplicates (2×): _finding_dedupe_key,src/drift/output/csv_output.py,44,1,Merge '_finding_dedupe_key' and '_finding_dedupe_key' (across src/drift/output/csv_output.py and src/drift/output/json_output.py)
10,mutant_duplicate,mutant_duplicate,high,0.1981,0.1153,Exact duplicates (2×): _dedupe_findings,src/drift/output/csv_output.py,54,1,Merge '_dedupe_findings' and '_dedupe_findings' (across src/drift/output/csv_output.py and src/drift/output/json_output.py)
11,mutant_duplicate,mutant_duplicate,high,0.1981,0.1153,Exact duplicates (2×): _priority_class,src/drift/output/csv_output.py,73,1,Merge '_priority_class' and '_priority_class' (across src/drift/output/csv_output.py and src/drift/output/json_output.py)
12,mutant_duplicate,mutant_duplicate,high,0.1981,0.1153,Exact duplicates (2×): _priority_rank,src/drift/output/csv_output.py,82,1,Merge '_priority_rank' and '_priority_rank' (across src/drift/output/csv_output.py and src/drift/output/json_output.py)
13,mutant_duplicate,mutant_duplicate,high,0.1981,0.1153,Exact duplicates (2×): _next_step_for_finding,src/drift/output/csv_output.py,90,1,Merge '_next_step_for_finding' and '_next_step_for_finding' (across src/drift/output/csv_output.py and src/drift/output/json_output.py)
14,mutant_duplicate,mutant_duplicate,high,0.1981,0.1153,Exact duplicates (2×): _expected_benefit_for_finding,src/drift/output/csv_output.py,97,1,Merge '_expected_benefit_for_finding' and '_expected_benefit_for_finding' (across src/drift/output/csv_output.py and src/drift/output/json_output.py)
15,mutant_duplicate,mutant_duplicate,high,0.1981,0.1153,Exact duplicates (2×): _fix_first_list,src/drift/output/csv_output.py,108,1,Merge '_fix_first_list' and '_fix_first_list' (across src/drift/output/csv_output.py and src/drift/output/json_output.py)
16,mutant_duplicate,mutant_duplicate,high,0.1981,0.1153,Exact duplicates (2×): _finding_sort_key,src/drift/output/csv_output.py,144,1,Merge '_finding_sort_key' and '_finding_sort_key' (across src/drift/output/csv_output.py and src/drift/output/json_output.py)
17,mutant_duplicate,mutant_duplicate,high,0.1981,0.1153,Exact duplicates (2×): _finding_to_dict,src/drift/output/csv_output.py,155,1,Merge '_finding_to_dict' and '_finding_to_dict' (across src/drift/output/csv_output.py and src/drift/output/json_output.py)
18,mutant_duplicate,mutant_duplicate,high,0.1981,0.1153,Exact duplicates (2×): _module_to_dict,src/drift/output/csv_output.py,186,1,Merge '_module_to_dict' and '_module_to_dict' (across src/drift/output/csv_output.py and src/drift/output/json_output.py)
19,mutant_duplicate,mutant_duplicate,high,0.1981,0.1153,Exact duplicates (2×): findings_to_sarif,src/drift/output/csv_output.py,262,1,Merge 'findings_to_sarif' and 'findings_to_sarif' (across src/drift/output/csv_output.py and src/drift/output/json_output.py)
20,mutant_duplicate,mutant_duplicate,high,0.1981,0.1153,Exact duplicates (2×): _cfg,tests/test_bypass_accumulation.py,15,1,Merge '_cfg' and '_cfg' (across tests/test_bypass_accumulation.py and tests/test_naming_contract_violation.py)
21,mutant_duplicate,mutant_duplicate,high,0.1981,0.1153,Exact duplicates (2×): _make_finding,tests/test_recommendations.py,11,1,Merge '_make_finding' and '_make_finding' (across tests/test_recommendations.py and tests/test_recommendations_edge_cases.py)
22,mutant_duplicate,mutant_duplicate,high,0.1981,0.1153,Exact duplicates (2×): _cfg,tests/test_ts_signals_phase2.py,43,1,Merge '_cfg' and '_cfg' (across tests/test_ts_signals_phase2.py and tests/test_ts_signals_phase3.py)
23,mutant_duplicate,mutant_duplicate,high,0.1871,0.1089,Near-duplicate (100%): _run_signals_on_fixture ↔ _run_signals_on_fixture,scripts/copilot_context_benchmark.py,89,1,Merge '_run_signals_on_fixture' and '_run_signals_on_fixture' (across scripts/copilot_context_benchmark.py and tests/test_precision_recall.py)
24,mutant_duplicate,mutant_duplicate,high,0.1871,0.1089,Near-duplicate (100%): _run_signals_on_fixture ↔ _run_signals_on_fixture,tests/test_copilot_context_coverage.py,68,1,Merge '_run_signals_on_fixture' and '_run_signals_on_fixture' (across tests/test_copilot_context_coverage.py and tests/test_precision_recall.py)
25,explainability_deficit,explainability_deficit,high,0.09,0.0887,Unexplained complexity: main,scripts/ground_truth_analysis.py,215,1,Document 'main'
26,explainability_deficit,explainability_deficit,high,0.09,0.0887,Unexplained complexity: _check_detection,scripts/mutation_benchmark.py,1101,1,Document '_check_detection'
27,explainability_deficit,explainability_deficit,high,0.0675,0.0665,Unexplained complexity: compute_monthly_kpis,scripts/package_kpis.py,204,1,Document 'compute_monthly_kpis'
28,explainability_deficit,explainability_deficit,high,0.0675,0.0665,Unexplained complexity: run_benchmark,scripts/repair_benchmark.py,436,1,Document 'run_benchmark'
29,explainability_deficit,explainability_deficit,high,0.0675,0.0665,Unexplained complexity: main,scripts/sensitivity_analysis.py,172,1,Document 'main'
30,explainability_deficit,explainability_deficit,high,0.0675,0.0665,Unexplained complexity: PythonFileParser._process_function,src/drift/ingestion/ast_parser.py,362,1,Document 'PythonFileParser._process_function'
31,explainability_deficit,explainability_deficit,medium,0.054,0.0532,Unexplained complexity: main,scripts/mutation_benchmark.py,1217,1,Document 'main'
32,explainability_deficit,explainability_deficit,medium,0.0506,0.0498,Unexplained complexity: InsecureDefaultSignal._check_tree,src/drift/signals/insecure_default.py,206,1,Document 'InsecureDefaultSignal._check_tree'
33,explainability_deficit,explainability_deficit,medium,0.045,0.0443,Unexplained complexity: run_benchmark,scripts/copilot_context_benchmark.py,212,1,Document 'run_benchmark'
34,explainability_deficit,explainability_deficit,medium,0.045,0.0443,Unexplained complexity: classify_finding,scripts/ground_truth_analysis.py,24,1,Document 'classify_finding'
35,explainability_deficit,explainability_deficit,medium,0.045,0.0443,Unexplained complexity: diff,src/drift/api.py,295,1,Document 'diff'
36,explainability_deficit,explainability_deficit,medium,0.045,0.0443,Unexplained complexity: fix_plan,src/drift/api.py,735,1,Document 'fix_plan'
37,explainability_deficit,explainability_deficit,medium,0.045,0.0443,Unexplained complexity: validate,src/drift/api.py,909,1,Document 'validate'
38,explainability_deficit,explainability_deficit,medium,0.045,0.0443,Unexplained complexity: _format_rule,src/drift/copilot_context.py,51,1,Document '_format_rule'
39,explainability_deficit,explainability_deficit,medium,0.045,0.0443,Unexplained complexity: _extract_functions,src/drift/ingestion/ts_parser.py,139,1,Document '_extract_functions'
40,explainability_deficit,explainability_deficit,medium,0.045,0.0443,Unexplained complexity: calibrate_weights,src/drift/scoring/engine.py,360,1,Document 'calibrate_weights'
41,explainability_deficit,explainability_deficit,low,0.0439,0.0433,Unexplained complexity: _validate_quality,scripts/repair_benchmark.py,256,1,Document '_validate_quality'
42,explainability_deficit,explainability_deficit,low,0.0439,0.0433,Unexplained complexity: _is_test_like,src/drift/signals/cohesion_deficit.py,76,1,Document '_is_test_like'
43,explainability_deficit,explainability_deficit,low,0.0427,0.0421,Unexplained complexity: _fingerprint_try_block,src/drift/ingestion/ast_parser.py,74,1,Document '_fingerprint_try_block'
44,explainability_deficit,explainability_deficit,low,0.0427,0.0421,Unexplained complexity: _extract_patterns,src/drift/ingestion/ts_parser.py,377,1,Document '_extract_patterns'
45,explainability_deficit,explainability_deficit,low,0.0427,0.0421,Unexplained complexity: auto_calibrate_weights,src/drift/scoring/engine.py,281,1,Document 'auto_calibrate_weights'
46,explainability_deficit,explainability_deficit,low,0.0405,0.0399,Unexplained complexity: main,scripts/evaluate_benchmark.py,59,1,Document 'main'
47,explainability_deficit,explainability_deficit,low,0.0405,0.0399,Unexplained complexity: _compute_f1,scripts/sensitivity_analysis.py,271,1,Document '_compute_f1'
48,explainability_deficit,explainability_deficit,low,0.0405,0.0399,Unexplained complexity: discover_files,src/drift/ingestion/file_discovery.py,73,1,Document 'discover_files'
49,explainability_deficit,explainability_deficit,low,0.0405,0.0399,Unexplained complexity: parse_git_history,src/drift/ingestion/git_history.py,222,1,Document 'parse_git_history'
50,test_polarity_deficit,test_polarity_deficit,high,0.0396,0.039,Happy-path-only test suite in tests/,tests,,1,"Add negative tests to tests/ (1017 test functions, only 18 negative assertions): use pytest.raises for expected exceptions, test edge cases (empty, None, invalid input)."
51,explainability_deficit,explainability_deficit,low,0.0382,0.0377,Unexplained complexity: _run_mds_at_threshold,scripts/ablation_mds_threshold.py,30,1,Document '_run_mds_at_threshold'
52,explainability_deficit,explainability_deficit,low,0.0382,0.0377,Unexplained complexity: _fingerprint_endpoint,src/drift/ingestion/ast_parser.py,219,1,Document '_fingerprint_endpoint'
53,explainability_deficit,explainability_deficit,low,0.0382,0.0377,Unexplained complexity: _detect_ai_attribution,src/drift/ingestion/git_history.py,147,1,Document '_detect_ai_attribution'
54,explainability_deficit,explainability_deficit,low,0.036,0.0355,Unexplained complexity: _repair_step,scripts/repair_benchmark.py,334,1,Document '_repair_step'
55,explainability_deficit,explainability_deficit,low,0.036,0.0355,Unexplained complexity: findings_to_sarif,src/drift/output/csv_output.py,262,1,Document 'findings_to_sarif'
56,explainability_deficit,explainability_deficit,low,0.036,0.0355,Unexplained complexity: findings_to_sarif,src/drift/output/json_output.py,294,1,Document 'findings_to_sarif'
57,explainability_deficit,explainability_deficit,low,0.036,0.0355,Unexplained complexity: _ts_extract_functions_from_source,src/drift/signals/exception_contract_drift.py,165,1,Document '_ts_extract_functions_from_source'
58,explainability_deficit,explainability_deficit,low,0.0338,0.0333,Unexplained complexity: _metric_status,scripts/package_kpis.py,152,1,Document '_metric_status'
59,explainability_deficit,explainability_deficit,low,0.0338,0.0333,Unexplained complexity: check,src/drift/commands/check.py,120,1,Document 'check'
60,explainability_deficit,explainability_deficit,low,0.0338,0.0333,Unexplained complexity: PythonFileParser.visit_ClassDef,src/drift/ingestion/ast_parser.py,465,1,Document 'PythonFileParser.visit_ClassDef'
61,explainability_deficit,explainability_deficit,low,0.0338,0.0333,Unexplained complexity: _extract_classes,src/drift/ingestion/ts_parser.py,274,1,Document '_extract_classes'
62,explainability_deficit,explainability_deficit,low,0.0338,0.0333,Unexplained complexity: _extract_api_patterns,src/drift/ingestion/ts_parser.py,472,1,Document '_extract_api_patterns'
63,explainability_deficit,explainability_deficit,low,0.0338,0.0333,Unexplained complexity: render_trend_chart,src/drift/output/rich_output.py,612,1,Document 'render_trend_chart'
64,explainability_deficit,explainability_deficit,low,0.0338,0.0333,Unexplained complexity: ArchitectureViolationSignal._check_inferred_layers,src/drift/signals/architecture_violation.py,384,1,Document 'ArchitectureViolationSignal._check_inferred_layers'
65,explainability_deficit,explainability_deficit,low,0.0338,0.0333,Unexplained complexity: _git_show_files_batch,src/drift/signals/exception_contract_drift.py,262,1,Document '_git_show_files_batch'
66,explainability_deficit,explainability_deficit,low,0.0338,0.0333,Unexplained complexity: ExceptionContractDriftSignal.analyze,src/drift/signals/exception_contract_drift.py,362,1,Document 'ExceptionContractDriftSignal.analyze'
67,explainability_deficit,explainability_deficit,low,0.0338,0.0333,Unexplained complexity: GuardClauseDeficitSignal.analyze,src/drift/signals/guard_clause_deficit.py,239,1,Document 'GuardClauseDeficitSignal.analyze'
68,explainability_deficit,explainability_deficit,low,0.0338,0.0333,Unexplained complexity: _find_drift_onset,src/drift/timeline.py,127,1,Document '_find_drift_onset'
69,explainability_deficit,explainability_deficit,low,0.0315,0.031,Unexplained complexity: main,scripts/benchmark.py,90,1,Document 'main'
70,explainability_deficit,explainability_deficit,low,0.0315,0.031,Unexplained complexity: _success_criteria_for,src/drift/output/agent_tasks.py,258,1,Document '_success_criteria_for'
71,explainability_deficit,explainability_deficit,low,0.0315,0.031,Unexplained complexity: render_summary,src/drift/output/rich_output.py,150,1,Document 'render_summary'
72,explainability_deficit,explainability_deficit,low,0.0315,0.031,Unexplained complexity: _format_finding_detail,src/drift/output/rich_output.py,285,1,Document '_format_finding_detail'
73,explainability_deficit,explainability_deficit,low,0.0315,0.031,Unexplained complexity: _extract_exception_profile,src/drift/signals/exception_contract_drift.py,47,1,Document '_extract_exception_profile'
74,explainability_deficit,explainability_deficit,low,0.0315,0.031,Unexplained complexity: _has_create_path,src/drift/signals/naming_contract_violation.py,98,1,Document '_has_create_path'
75,explainability_deficit,explainability_deficit,low,0.031,0.0305,Unexplained complexity: DriftConfig.load,src/drift/config.py,274,1,Document 'DriftConfig.load'
76,explainability_deficit,explainability_deficit,low,0.0304,0.03,Unexplained complexity: main,scripts/check_repo_hygiene.py,84,1,Document 'main'
77,explainability_deficit,explainability_deficit,low,0.0304,0.03,Unexplained complexity: _extract_repo_activity,scripts/fetch_github_usage.py,79,1,Document '_extract_repo_activity'
78,explainability_deficit,explainability_deficit,low,0.0304,0.03,Unexplained complexity: draw_frame,scripts/generate_demo_gif.py,78,1,Document 'draw_frame'
79,explainability_deficit,explainability_deficit,low,0.0304,0.03,Unexplained complexity: validate,src/drift/commands/config_cmd.py,23,1,Document 'validate'
80,bypass_accumulation,bypass_accumulation,medium,0.03,0.0296,High bypass marker density in diagnose_phases.py,scripts/diagnose_phases.py,1,1,Remove or document each bypass marker in 'diagnose_phases.py': replace Any with concrete types and add explicit ignores only where the root cause is resolved.
81,bypass_accumulation,bypass_accumulation,medium,0.03,0.0296,High bypass marker density in cli.py,src/drift/cli.py,1,1,Remove or document each bypass marker in 'cli.py': replace Any with concrete types and add explicit ignores only where the root cause is resolved.
82,guard_clause_deficit,guard_clause_deficit,high,0.03,0.0296,Guard clause deficit in src/drift/ingestion/,src/drift/ingestion,,1,"Add guard clauses to 4/4 unguarded functions in src/drift/ingestion/ (mean complexity 29.0): isinstance checks, None guards, or assert statements."
83,explainability_deficit,explainability_deficit,low,0.0292,0.0288,Unexplained complexity: _run_fixtures,scripts/holdout_validation.py,67,1,Document '_run_fixtures'
84,explainability_deficit,explainability_deficit,low,0.0292,0.0288,Unexplained complexity: run_loocv,scripts/holdout_validation.py,241,1,Document 'run_loocv'
85,explainability_deficit,explainability_deficit,low,0.0292,0.0288,Unexplained complexity: HardcodedSecretSignal._check_assignment,src/drift/signals/hardcoded_secret.py,172,1,Document 'HardcodedSecretSignal._check_assignment'
86,explainability_deficit,explainability_deficit,low,0.0292,0.0288,Unexplained complexity: MutantDuplicateSignal._find_semantic_duplicates,src/drift/signals/mutant_duplicates.py,417,1,Document 'MutantDuplicateSignal._find_semantic_duplicates'
87,explainability_deficit,explainability_deficit,low,0.0292,0.0288,Unexplained complexity: _find_novel_imports,src/drift/signals/system_misalignment.py,127,1,Document '_find_novel_imports'
88,explainability_deficit,explainability_deficit,low,0.027,0.0266,Unexplained complexity: _format_scan_response,src/drift/api.py,188,1,Document '_format_scan_response'
89,explainability_deficit,explainability_deficit,low,0.027,0.0266,Unexplained complexity: safe_main,src/drift/cli.py,121,1,Document 'safe_main'
90,explainability_deficit,explainability_deficit,low,0.027,0.0266,Unexplained complexity: _extract_imports,src/drift/ingestion/ts_parser.py,329,1,Document '_extract_imports'
91,explainability_deficit,explainability_deficit,low,0.027,0.0266,Unexplained complexity: _compute_dependencies,src/drift/output/agent_tasks.py,395,1,Document '_compute_dependencies'
92,explainability_deficit,explainability_deficit,low,0.027,0.0266,Unexplained complexity: _read_code_snippet,src/drift/output/rich_output.py,69,1,Document '_read_code_snippet'
93,explainability_deficit,explainability_deficit,low,0.027,0.0266,Unexplained complexity: render_timeline,src/drift/output/rich_output.py,494,1,Document 'render_timeline'
94,explainability_deficit,explainability_deficit,low,0.027,0.0266,Unexplained complexity: _load_allowed_package_import_pairs,src/drift/rules/tsjs/cross_package_import_ban.py,17,1,Document '_load_allowed_package_import_pairs'
95,explainability_deficit,explainability_deficit,low,0.027,0.0266,Unexplained complexity: ArchitectureViolationSignal._check_instability,src/drift/signals/architecture_violation.py,572,1,Document 'ArchitectureViolationSignal._check_instability'
96,explainability_deficit,explainability_deficit,low,0.027,0.0266,Unexplained complexity: _walk_tokens,src/drift/signals/doc_impl_drift.py,218,1,Document '_walk_tokens'
97,explainability_deficit,explainability_deficit,low,0.027,0.0266,Unexplained complexity: DocImplDriftSignal._scan_adr_files,src/drift/signals/doc_impl_drift.py,396,1,Document 'DocImplDriftSignal._scan_adr_files'
98,explainability_deficit,explainability_deficit,low,0.027,0.0266,Unexplained complexity: DocImplDriftSignal._discover_adr_dirs,src/drift/signals/doc_impl_drift.py,456,1,Document 'DocImplDriftSignal._discover_adr_dirs'
99,explainability_deficit,explainability_deficit,low,0.027,0.0266,Unexplained complexity: _ts_extract_exception_profile,src/drift/signals/exception_contract_drift.py,119,1,Document '_ts_extract_exception_profile'
100,explainability_deficit,explainability_deficit,low,0.027,0.0266,Unexplained complexity: _has_guard,src/drift/signals/guard_clause_deficit.py,55,1,Document '_has_guard'
101,explainability_deficit,explainability_deficit,low,0.027,0.0266,Unexplained complexity: PatternFragmentationSignal.analyze,src/drift/signals/pattern_fragmentation.py,89,1,Document 'PatternFragmentationSignal.analyze'
102,naming_contract_violation,naming_contract_violation,medium,0.024,0.0236,Naming contract violation: validate_release_discipline(),scripts/check_release_discipline.py,121,1,Either add the missing behaviour to 'validate_release_discipline()' (e.g. a raise statement or appropriate return) or rename it to reflect its actual purpose.
103,naming_contract_violation,naming_contract_violation,medium,0.024,0.0236,Naming contract violation: check_pyproject_semver(),scripts/check_version.py,64,1,Either add the missing behaviour to 'check_pyproject_semver()' (e.g. a raise statement or appropriate return) or rename it to reflect its actual purpose.
104,guard_clause_deficit,guard_clause_deficit,high,0.023,0.0227,Guard clause deficit in src/drift/rules/tsjs/,src/drift/rules/tsjs,,1,"Add guard clauses to 3/3 unguarded functions in src/drift/rules/tsjs/ (mean complexity 15.3): isinstance checks, None guards, or assert statements."
105,guard_clause_deficit,deep_nesting,high,0.0225,0.0222,Deep nesting in analyze(),src/drift/commands/analyze.py,140,1,"Reduce nesting in 'analyze' (depth 7, threshold 4): use early returns, extract nested blocks into helpers, or invert conditions."
106,guard_clause_deficit,deep_nesting,high,0.0225,0.0222,Deep nesting in check(),src/drift/commands/check.py,120,1,"Reduce nesting in 'check' (depth 7, threshold 4): use early returns, extract nested blocks into helpers, or invert conditions."
107,guard_clause_deficit,deep_nesting,high,0.018,0.0177,Deep nesting in parse_git_history(),src/drift/ingestion/git_history.py,222,1,"Reduce nesting in 'parse_git_history' (depth 6, threshold 4): use early returns, extract nested blocks into helpers, or invert conditions."
108,architecture_violation,architecture_violation,medium,0.016,0.0158,God module candidate: ground_truth.py,tests/fixtures/ground_truth.py,,2,Split ground_truth.py by responsibility and extract stable interfaces to reduce fan-in and fan-out.
109,doc_impl_drift,doc_impl_drift,medium,0.016,0.0158,ADR references missing directory: async/,docs/adr/002-ast-fingerprinting-for-patterns.md,,1,Update 002-ast-fingerprinting-for-patterns.md: remove or correct the stale 'async/' reference.
110,doc_impl_drift,doc_impl_drift,medium,0.016,0.0158,ADR references missing directory: match/,docs/adr/002-ast-fingerprinting-for-patterns.md,,1,Update 002-ast-fingerprinting-for-patterns.md: remove or correct the stale 'match/' reference.
111,doc_impl_drift,doc_impl_drift,medium,0.016,0.0158,ADR references missing directory: same/,docs/adr/002-ast-fingerprinting-for-patterns.md,,1,Update 002-ast-fingerprinting-for-patterns.md: remove or correct the stale 'same/' reference.
112,doc_impl_drift,doc_impl_drift,medium,0.016,0.0158,ADR references missing directory: try/,docs/adr/002-ast-fingerprinting-for-patterns.md,,1,Update 002-ast-fingerprinting-for-patterns.md: remove or correct the stale 'try/' reference.
113,doc_impl_drift,doc_impl_drift,medium,0.016,0.0158,ADR references missing directory: drift/,docs/adr/003-composite-scoring-model.md,,1,Update 003-composite-scoring-model.md: remove or correct the stale 'drift/' reference.
114,doc_impl_drift,doc_impl_drift,medium,0.016,0.0158,ADR references missing directory: parent/,docs/adr/004-subprocess-git-parsing.md,,1,Update 004-subprocess-git-parsing.md: remove or correct the stale 'parent/' reference.
115,doc_impl_drift,doc_impl_drift,medium,0.016,0.0158,ADR references missing directory: drift-cache/,docs/adr/005-delta-first-score-interpretation.md,,1,Update 005-delta-first-score-interpretation.md: remove or correct the stale 'drift-cache/' reference.
116,doc_impl_drift,doc_impl_drift,medium,0.016,0.0158,ADR references missing directory: handler/,docs/adr/007-consistency-proxy-signals.md,,1,Update 007-consistency-proxy-signals.md: remove or correct the stale 'handler/' reference.
117,doc_impl_drift,doc_impl_drift,medium,0.016,0.0158,ADR references missing directory: promotable/,docs/adr/007-consistency-proxy-signals.md,,1,Update 007-consistency-proxy-signals.md: remove or correct the stale 'promotable/' reference.
118,cohesion_deficit,cohesion_deficit,high,0.0134,0.0078,Cohesion deficit in scripts/generate_demo_gif.py,scripts/generate_demo_gif.py,,1,Split low-cohesion module (6/8 isolated units)
119,cohesion_deficit,cohesion_deficit,high,0.0134,0.0078,Cohesion deficit in scripts/release_automation.py,scripts/release_automation.py,,1,Split low-cohesion module (7/7 isolated units)
120,cohesion_deficit,cohesion_deficit,high,0.0134,0.0078,Cohesion deficit in src/drift/signals/doc_impl_drift.py,src/drift/signals/doc_impl_drift.py,,1,Split low-cohesion module (6/8 isolated units)
121,cohesion_deficit,cohesion_deficit,high,0.0129,0.0075,Cohesion deficit in src/drift/signals/architecture_violation.py,src/drift/signals/architecture_violation.py,,1,Split low-cohesion module (5/7 isolated units)
122,cohesion_deficit,cohesion_deficit,high,0.0127,0.0074,Cohesion deficit in src/drift/copilot_context.py,src/drift/copilot_context.py,,1,Split low-cohesion module (5/5 isolated units)
123,cohesion_deficit,cohesion_deficit,high,0.0127,0.0074,Cohesion deficit in src/drift/signals/mutant_duplicates.py,src/drift/signals/mutant_duplicates.py,,1,Split low-cohesion module (5/5 isolated units)
124,cohesion_deficit,cohesion_deficit,high,0.0127,0.0074,Cohesion deficit in src/drift/telemetry.py,src/drift/telemetry.py,,1,Split low-cohesion module (7/10 isolated units)
125,cohesion_deficit,cohesion_deficit,high,0.0126,0.0073,Cohesion deficit in src/drift/signals/pattern_fragmentation.py,src/drift/signals/pattern_fragmentation.py,,1,Split low-cohesion module (4/6 isolated units)
126,cohesion_deficit,cohesion_deficit,high,0.0124,0.0072,Cohesion deficit in src/drift/signals/circular_import.py,src/drift/signals/circular_import.py,,1,Split low-cohesion module (5/5 isolated units)
127,cohesion_deficit,cohesion_deficit,high,0.0123,0.0071,Cohesion deficit in scripts/copilot_context_benchmark.py,scripts/copilot_context_benchmark.py,,1,Split low-cohesion module (4/6 isolated units)
128,cohesion_deficit,cohesion_deficit,high,0.0123,0.0071,Cohesion deficit in scripts/mutation_benchmark.py,scripts/mutation_benchmark.py,,1,Split low-cohesion module (4/6 isolated units)
129,doc_impl_drift,doc_impl_drift,low,0.012,0.0118,README references missing directory: PFS/,README.md,,1,Remove 'PFS/' from README.md or create the directory.
130,doc_impl_drift,doc_impl_drift,low,0.012,0.0118,README references missing directory: code-security/,README.md,,1,Remove 'code-security/' from README.md or create the directory.
131,doc_impl_drift,doc_impl_drift,low,0.012,0.0118,README references missing directory: connectors/,README.md,,1,Remove 'connectors/' from README.md or create the directory.
132,doc_impl_drift,doc_impl_drift,low,0.012,0.0118,README references missing directory: drift/,README.md,,1,Remove 'drift/' from README.md or create the directory.
133,doc_impl_drift,doc_impl_drift,low,0.012,0.0118,README references missing directory: drift-analyzer/,README.md,,1,Remove 'drift-analyzer/' from README.md or create the directory.
134,doc_impl_drift,doc_impl_drift,low,0.012,0.0118,README references missing directory: product/,README.md,,1,Remove 'product/' from README.md or create the directory.
135,doc_impl_drift,doc_impl_drift,low,0.012,0.0118,README references missing directory: project/,README.md,,1,Remove 'project/' from README.md or create the directory.
136,doc_impl_drift,doc_impl_drift,low,0.012,0.0118,README references missing directory: sauremilk/,README.md,,1,Remove 'sauremilk/' from README.md or create the directory.
137,doc_impl_drift,doc_impl_drift,low,0.012,0.0118,README references missing directory: vscode/,README.md,,1,Remove 'vscode/' from README.md or create the directory.
138,cohesion_deficit,cohesion_deficit,high,0.0119,0.0069,Cohesion deficit in src/drift/signals/cohesion_deficit.py,src/drift/signals/cohesion_deficit.py,,1,Split low-cohesion module (5/8 isolated units)
139,cohesion_deficit,cohesion_deficit,high,0.0116,0.0068,Cohesion deficit in src/drift/ingestion/ts_parser.py,src/drift/ingestion/ts_parser.py,,1,Split low-cohesion module (8/13 isolated units)
140,cohesion_deficit,cohesion_deficit,high,0.0113,0.0066,Cohesion deficit in src/drift/ingestion/git_history.py,src/drift/ingestion/git_history.py,,1,Split low-cohesion module (5/9 isolated units)
141,cohesion_deficit,cohesion_deficit,high,0.0112,0.0065,Cohesion deficit in src/drift/api.py,src/drift/api.py,,1,Split low-cohesion module (8/14 isolated units)
142,cohesion_deficit,cohesion_deficit,high,0.0111,0.0065,Cohesion deficit in scripts/holdout_validation.py,scripts/holdout_validation.py,,1,Split low-cohesion module (4/7 isolated units)
143,cohesion_deficit,cohesion_deficit,high,0.0108,0.0063,Cohesion deficit in scripts/repair_benchmark.py,scripts/repair_benchmark.py,,1,Split low-cohesion module (10/19 isolated units)
144,cohesion_deficit,cohesion_deficit,high,0.0106,0.0062,Cohesion deficit in src/drift/config.py,src/drift/config.py,,1,Split low-cohesion module (5/10 isolated units)
145,cohesion_deficit,cohesion_deficit,medium,0.0098,0.0057,Cohesion deficit in src/drift/signals/co_change_coupling.py,src/drift/signals/co_change_coupling.py,,1,Split low-cohesion module (4/8 isolated units)
146,cohesion_deficit,cohesion_deficit,medium,0.0092,0.0053,Cohesion deficit in src/drift/analyzers/typescript/import_graph.py,src/drift/analyzers/typescript/import_graph.py,,1,Split low-cohesion module (3/8 isolated units)
147,cohesion_deficit,cohesion_deficit,medium,0.009,0.0053,Cohesion deficit in scripts/fetch_pypistats.py,scripts/fetch_pypistats.py,,1,Split low-cohesion module (3/5 isolated units)
148,cohesion_deficit,cohesion_deficit,medium,0.009,0.0052,Cohesion deficit in src/drift/signals/bypass_accumulation.py,src/drift/signals/bypass_accumulation.py,,1,Split low-cohesion module (3/5 isolated units)
149,cohesion_deficit,cohesion_deficit,medium,0.0089,0.0052,Cohesion deficit in scripts/fetch_github_usage.py,scripts/fetch_github_usage.py,,1,Split low-cohesion module (4/10 isolated units)
150,cohesion_deficit,cohesion_deficit,medium,0.0087,0.005,Cohesion deficit in src/drift/models.py,src/drift/models.py,,1,Split low-cohesion module (7/17 isolated units)
151,cohesion_deficit,cohesion_deficit,medium,0.0085,0.0049,Cohesion deficit in scripts/generate_annotation_sheet.py,scripts/generate_annotation_sheet.py,,1,Split low-cohesion module (4/4 isolated units)
152,cohesion_deficit,cohesion_deficit,medium,0.0085,0.0049,Cohesion deficit in scripts/sensitivity_analysis.py,scripts/sensitivity_analysis.py,,1,Split low-cohesion module (4/4 isolated units)
153,cohesion_deficit,cohesion_deficit,medium,0.0085,0.0049,Cohesion deficit in scripts/unknown_repo_audit.py,scripts/unknown_repo_audit.py,,1,Split low-cohesion module (4/4 isolated units)
154,cohesion_deficit,cohesion_deficit,medium,0.0085,0.0049,Cohesion deficit in src/drift/commands/init_cmd.py,src/drift/commands/init_cmd.py,,1,Split low-cohesion module (4/4 isolated units)
155,cohesion_deficit,cohesion_deficit,medium,0.0085,0.0049,Cohesion deficit in src/drift/rules/tsjs/circular_module_detection.py,src/drift/rules/tsjs/circular_module_detection.py,,1,Split low-cohesion module (4/4 isolated units)
156,cohesion_deficit,cohesion_deficit,medium,0.0085,0.0049,Cohesion deficit in src/drift/signals/_utils.py,src/drift/signals/_utils.py,,1,Split low-cohesion module (4/4 isolated units)
157,cohesion_deficit,cohesion_deficit,medium,0.0085,0.0049,Cohesion deficit in src/drift/signals/dead_code_accumulation.py,src/drift/signals/dead_code_accumulation.py,,1,Split low-cohesion module (4/4 isolated units)
158,cohesion_deficit,cohesion_deficit,medium,0.0085,0.0049,Cohesion deficit in src/drift/signals/missing_authorization.py,src/drift/signals/missing_authorization.py,,1,Split low-cohesion module (4/4 isolated units)
159,cohesion_deficit,cohesion_deficit,medium,0.0084,0.0049,Cohesion deficit in src/drift/analyzers/typescript/workspace_boundaries.py,src/drift/analyzers/typescript/workspace_boundaries.py,,1,Split low-cohesion module (2/6 isolated units)
160,cohesion_deficit,cohesion_deficit,medium,0.0083,0.0049,Cohesion deficit in src/drift/signals/hardcoded_secret.py,src/drift/signals/hardcoded_secret.py,,1,Split low-cohesion module (4/4 isolated units)
161,cohesion_deficit,cohesion_deficit,medium,0.0081,0.0047,Cohesion deficit in scripts/temporal_drift.py,scripts/temporal_drift.py,,1,Split low-cohesion module (4/12 isolated units)
162,cohesion_deficit,cohesion_deficit,medium,0.0081,0.0047,Cohesion deficit in src/drift/ingestion/ast_parser.py,src/drift/ingestion/ast_parser.py,,1,Split low-cohesion module (4/12 isolated units)
163,cohesion_deficit,cohesion_deficit,medium,0.0079,0.0046,Cohesion deficit in src/drift/embeddings.py,src/drift/embeddings.py,,1,Split low-cohesion module (2/6 isolated units)
164,cohesion_deficit,cohesion_deficit,medium,0.0078,0.0045,Cohesion deficit in scripts/check_model_consistency.py,scripts/check_model_consistency.py,,1,Split low-cohesion module (2/8 isolated units)
165,cohesion_deficit,cohesion_deficit,medium,0.0078,0.0045,Cohesion deficit in src/drift/cli.py,src/drift/cli.py,,1,Split low-cohesion module (2/6 isolated units)
166,cohesion_deficit,cohesion_deficit,medium,0.0078,0.0046,Cohesion deficit in src/drift/timeline.py,src/drift/timeline.py,,1,Split low-cohesion module (3/8 isolated units)
167,cohesion_deficit,cohesion_deficit,medium,0.0077,0.0045,Cohesion deficit in scripts/package_kpis.py,scripts/package_kpis.py,,1,Split low-cohesion module (4/14 isolated units)
168,cohesion_deficit,cohesion_deficit,medium,0.0074,0.0043,Cohesion deficit in src/drift/output/rich_output.py,src/drift/output/rich_output.py,,1,Split low-cohesion module (4/14 isolated units)
169,cohesion_deficit,cohesion_deficit,medium,0.0073,0.0042,Cohesion deficit in scripts/check_release_discipline.py,scripts/check_release_discipline.py,,1,Split low-cohesion module (2/9 isolated units)
170,cohesion_deficit,cohesion_deficit,medium,0.0068,0.004,Cohesion deficit in src/drift/output/agent_tasks.py,src/drift/output/agent_tasks.py,,1,Split low-cohesion module (3/11 isolated units)
171,cohesion_deficit,cohesion_deficit,low,0.0065,0.0038,Cohesion deficit in src/drift/commands/explain.py,src/drift/commands/explain.py,,1,Split low-cohesion module (2/5 isolated units)
172,cohesion_deficit,cohesion_deficit,low,0.0063,0.0037,Cohesion deficit in src/drift/analyzers/typescript/barrel_resolver.py,src/drift/analyzers/typescript/barrel_resolver.py,,1,Split low-cohesion module (1/6 isolated units)
173,cohesion_deficit,cohesion_deficit,low,0.0062,0.0036,Cohesion deficit in src/drift/mcp_server.py,src/drift/mcp_server.py,,1,Split low-cohesion module (1/6 isolated units)
174,doc_impl_drift,doc_impl_drift,info,0.006,0.0059,Source directory not mentioned in README: scripts/,scripts,,1,Add a section for 'scripts/' to README.md with a short description of the module.
175,cohesion_deficit,cohesion_deficit,low,0.0059,0.0034,Cohesion deficit in src/drift/analyzers/typescript/alias_resolver.py,src/drift/analyzers/typescript/alias_resolver.py,,1,Split low-cohesion module (1/9 isolated units)
176,cohesion_deficit,cohesion_deficit,low,0.0059,0.0035,Cohesion deficit in src/drift/cache.py,src/drift/cache.py,,1,Split low-cohesion module (2/12 isolated units)
177,architecture_violation,architecture_violation,medium,0.0048,0.0047,High blast radius: ground_truth.py (8 transitive dependents),tests/fixtures/ground_truth.py,,2,"Reduce transitive coupling of ground_truth.py via interface extraction or by splitting into smaller, better-encapsulated modules."
178,cognitive_complexity,cognitive_complexity,high,0.0,0.0,High cognitive complexity in run_benchmark(),scripts/copilot_context_benchmark.py,212,1,"Reduce cognitive complexity of 'run_benchmark' (currently 49, threshold 15): extract nested logic into helper functions, replace nested conditionals with guard clauses, simplify boolean expressions."
179,cognitive_complexity,cognitive_complexity,medium,0.0,0.0,High cognitive complexity in main(),scripts/evaluate_benchmark.py,59,1,"Reduce cognitive complexity of 'main' (currently 20, threshold 15): extract nested logic into helper functions, replace nested conditionals with guard clauses, simplify boolean expressions."
180,cognitive_complexity,cognitive_complexity,medium,0.0,0.0,High cognitive complexity in evaluate(),scripts/generate_annotation_sheet.py,135,1,"Reduce cognitive complexity of 'evaluate' (currently 17, threshold 15): extract nested logic into helper functions, replace nested conditionals with guard clauses, simplify boolean expressions."
181,cognitive_complexity,cognitive_complexity,medium,0.0,0.0,High cognitive complexity in draw_frame(),scripts/generate_demo_gif.py,78,1,"Reduce cognitive complexity of 'draw_frame' (currently 17, threshold 15): extract nested logic into helper functions, replace nested conditionals with guard clauses, simplify boolean expressions."
182,cognitive_complexity,cognitive_complexity,high,0.0,0.0,High cognitive complexity in classify_finding(),scripts/ground_truth_analysis.py,24,1,"Reduce cognitive complexity of 'classify_finding' (currently 261, threshold 15): extract nested logic into helper functions, replace nested conditionals with guard clauses, simplify boolean expressions."
183,cognitive_complexity,cognitive_complexity,high,0.0,0.0,High cognitive complexity in main(),scripts/ground_truth_analysis.py,215,1,"Reduce cognitive complexity of 'main' (currently 29, threshold 15): extract nested logic into helper functions, replace nested conditionals with guard clauses, simplify boolean expressions."
184,cognitive_complexity,cognitive_complexity,medium,0.0,0.0,High cognitive complexity in main(),scripts/mutation_benchmark.py,1217,1,"Reduce cognitive complexity of 'main' (currently 18, threshold 15): extract nested logic into helper functions, replace nested conditionals with guard clauses, simplify boolean expressions."
185,cognitive_complexity,cognitive_complexity,high,0.0,0.0,High cognitive complexity in compute_monthly_kpis(),scripts/package_kpis.py,204,1,"Reduce cognitive complexity of 'compute_monthly_kpis' (currently 27, threshold 15): extract nested logic into helper functions, replace nested conditionals with guard clauses, simplify boolean expressions."
186,cognitive_complexity,cognitive_complexity,high,0.0,0.0,High cognitive complexity in run_benchmark(),scripts/repair_benchmark.py,436,1,"Reduce cognitive complexity of 'run_benchmark' (currently 108, threshold 15): extract nested logic into helper functions, replace nested conditionals with guard clauses, simplify boolean expressions."
187,cognitive_complexity,cognitive_complexity,high,0.0,0.0,High cognitive complexity in main(),scripts/sensitivity_analysis.py,172,1,"Reduce cognitive complexity of 'main' (currently 76, threshold 15): extract nested logic into helper functions, replace nested conditionals with guard clauses, simplify boolean expressions."
188,cognitive_complexity,cognitive_complexity,medium,0.0,0.0,High cognitive complexity in resolve_tsconfig_alias_import(),src/drift/analyzers/typescript/alias_resolver.py,173,1,"Reduce cognitive complexity of 'resolve_tsconfig_alias_import' (currently 20, threshold 15): extract nested logic into helper functions, replace nested conditionals with guard clauses, simplify boolean expressions."
189,cognitive_complexity,cognitive_complexity,high,0.0,0.0,High cognitive complexity in diff(),src/drift/api.py,295,1,"Reduce cognitive complexity of 'diff' (currently 42, threshold 15): extract nested logic into helper functions, replace nested conditionals with guard clauses, simplify boolean expressions."
190,cognitive_complexity,cognitive_complexity,high,0.0,0.0,High cognitive complexity in fix_plan(),src/drift/api.py,735,1,"Reduce cognitive complexity of 'fix_plan' (currently 32, threshold 15): extract nested logic into helper functions, replace nested conditionals with guard clauses, simplify boolean expressions."
191,cognitive_complexity,cognitive_complexity,high,0.0,0.0,High cognitive complexity in validate(),src/drift/api.py,909,1,"Reduce cognitive complexity of 'validate' (currently 33, threshold 15): extract nested logic into helper functions, replace nested conditionals with guard clauses, simplify boolean expressions."
192,cognitive_complexity,cognitive_complexity,medium,0.0,0.0,High cognitive complexity in safe_main(),src/drift/cli.py,121,1,"Reduce cognitive complexity of 'safe_main' (currently 17, threshold 15): extract nested logic into helper functions, replace nested conditionals with guard clauses, simplify boolean expressions."
193,cognitive_complexity,cognitive_complexity,high,0.0,0.0,High cognitive complexity in analyze(),src/drift/commands/analyze.py,140,1,"Reduce cognitive complexity of 'analyze' (currently 95, threshold 15): extract nested logic into helper functions, replace nested conditionals with guard clauses, simplify boolean expressions."
194,cognitive_complexity,cognitive_complexity,high,0.0,0.0,High cognitive complexity in check(),src/drift/commands/check.py,120,1,"Reduce cognitive complexity of 'check' (currently 61, threshold 15): extract nested logic into helper functions, replace nested conditionals with guard clauses, simplify boolean expressions."
195,cognitive_complexity,cognitive_complexity,medium,0.0,0.0,High cognitive complexity in validate(),src/drift/commands/config_cmd.py,23,1,"Reduce cognitive complexity of 'validate' (currently 21, threshold 15): extract nested logic into helper functions, replace nested conditionals with guard clauses, simplify boolean expressions."
196,cognitive_complexity,cognitive_complexity,medium,0.0,0.0,High cognitive complexity in load(),src/drift/config.py,274,1,"Reduce cognitive complexity of 'load' (currently 20, threshold 15): extract nested logic into helper functions, replace nested conditionals with guard clauses, simplify boolean expressions."
197,cognitive_complexity,cognitive_complexity,high,0.0,0.0,High cognitive complexity in discover_files(),src/drift/ingestion/file_discovery.py,73,1,"Reduce cognitive complexity of 'discover_files' (currently 37, threshold 15): extract nested logic into helper functions, replace nested conditionals with guard clauses, simplify boolean expressions."
198,cognitive_complexity,cognitive_complexity,high,0.0,0.0,High cognitive complexity in parse_git_history(),src/drift/ingestion/git_history.py,222,1,"Reduce cognitive complexity of 'parse_git_history' (currently 35, threshold 15): extract nested logic into helper functions, replace nested conditionals with guard clauses, simplify boolean expressions."
199,cognitive_complexity,cognitive_complexity,medium,0.0,0.0,High cognitive complexity in build_co_change_pairs(),src/drift/ingestion/git_history.py,409,1,"Reduce cognitive complexity of 'build_co_change_pairs' (currently 16, threshold 15): extract nested logic into helper functions, replace nested conditionals with guard clauses, simplify boolean expressions."
200,cognitive_complexity,cognitive_complexity,medium,0.0,0.0,High cognitive complexity in analysis_to_agent_tasks(),src/drift/output/agent_tasks.py,496,1,"Reduce cognitive complexity of 'analysis_to_agent_tasks' (currently 16, threshold 15): extract nested logic into helper functions, replace nested conditionals with guard clauses, simplify boolean expressions."
201,cognitive_complexity,cognitive_complexity,high,0.0,0.0,High cognitive complexity in findings_to_sarif(),src/drift/output/csv_output.py,262,1,"Reduce cognitive complexity of 'findings_to_sarif' (currently 28, threshold 15): extract nested logic into helper functions, replace nested conditionals with guard clauses, simplify boolean expressions."
202,cognitive_complexity,cognitive_complexity,high,0.0,0.0,High cognitive complexity in findings_to_sarif(),src/drift/output/json_output.py,294,1,"Reduce cognitive complexity of 'findings_to_sarif' (currently 28, threshold 15): extract nested logic into helper functions, replace nested conditionals with guard clauses, simplify boolean expressions."
203,cognitive_complexity,cognitive_complexity,medium,0.0,0.0,High cognitive complexity in render_timeline(),src/drift/output/rich_output.py,494,1,"Reduce cognitive complexity of 'render_timeline' (currently 19, threshold 15): extract nested logic into helper functions, replace nested conditionals with guard clauses, simplify boolean expressions."
204,cognitive_complexity,cognitive_complexity,medium,0.0,0.0,High cognitive complexity in render_trend_chart(),src/drift/output/rich_output.py,612,1,"Reduce cognitive complexity of 'render_trend_chart' (currently 21, threshold 15): extract nested logic into helper functions, replace nested conditionals with guard clauses, simplify boolean expressions."
205,cognitive_complexity,cognitive_complexity,medium,0.0,0.0,High cognitive complexity in run_layer_leak_detection(),src/drift/rules/tsjs/layer_leak_detection.py,46,1,"Reduce cognitive complexity of 'run_layer_leak_detection' (currently 20, threshold 15): extract nested logic into helper functions, replace nested conditionals with guard clauses, simplify boolean expressions."
206,cognitive_complexity,cognitive_complexity,medium,0.0,0.0,High cognitive complexity in auto_calibrate_weights(),src/drift/scoring/engine.py,281,1,"Reduce cognitive complexity of 'auto_calibrate_weights' (currently 18, threshold 15): extract nested logic into helper functions, replace nested conditionals with guard clauses, simplify boolean expressions."
207,cognitive_complexity,cognitive_complexity,high,0.0,0.0,High cognitive complexity in calibrate_weights(),src/drift/scoring/engine.py,360,1,"Reduce cognitive complexity of 'calibrate_weights' (currently 28, threshold 15): extract nested logic into helper functions, replace nested conditionals with guard clauses, simplify boolean expressions."
208,cognitive_complexity,cognitive_complexity,medium,0.0,0.0,High cognitive complexity in analyze(),src/drift/signals/architecture_violation.py,242,1,"Reduce cognitive complexity of 'analyze' (currently 16, threshold 15): extract nested logic into helper functions, replace nested conditionals with guard clauses, simplify boolean expressions."
209,cognitive_complexity,cognitive_complexity,high,0.0,0.0,High cognitive complexity in analyze(),src/drift/signals/broad_exception_monoculture.py,93,1,"Reduce cognitive complexity of 'analyze' (currently 36, threshold 15): extract nested logic into helper functions, replace nested conditionals with guard clauses, simplify boolean expressions."
210,cognitive_complexity,cognitive_complexity,high,0.0,0.0,High cognitive complexity in analyze(),src/drift/signals/co_change_coupling.py,160,1,"Reduce cognitive complexity of 'analyze' (currently 29, threshold 15): extract nested logic into helper functions, replace nested conditionals with guard clauses, simplify boolean expressions."
211,cognitive_complexity,cognitive_complexity,high,0.0,0.0,High cognitive complexity in analyze(),src/drift/signals/cognitive_complexity.py,132,1,"Reduce cognitive complexity of 'analyze' (currently 28, threshold 15): extract nested logic into helper functions, replace nested conditionals with guard clauses, simplify boolean expressions."
212,cognitive_complexity,cognitive_complexity,medium,0.0,0.0,High cognitive complexity in analyze(),src/drift/signals/cohesion_deficit.py,177,1,"Reduce cognitive complexity of 'analyze' (currently 20, threshold 15): extract nested logic into helper functions, replace nested conditionals with guard clauses, simplify boolean expressions."
213,cognitive_complexity,cognitive_complexity,high,0.0,0.0,High cognitive complexity in analyze(),src/drift/signals/exception_contract_drift.py,362,1,"Reduce cognitive complexity of 'analyze' (currently 49, threshold 15): extract nested logic into helper functions, replace nested conditionals with guard clauses, simplify boolean expressions."
214,cognitive_complexity,cognitive_complexity,high,0.0,0.0,High cognitive complexity in analyze(),src/drift/signals/explainability_deficit.py,60,1,"Reduce cognitive complexity of 'analyze' (currently 83, threshold 15): extract nested logic into helper functions, replace nested conditionals with guard clauses, simplify boolean expressions."
215,cognitive_complexity,cognitive_complexity,high,0.0,0.0,High cognitive complexity in analyze(),src/drift/signals/guard_clause_deficit.py,239,1,"Reduce cognitive complexity of 'analyze' (currently 51, threshold 15): extract nested logic into helper functions, replace nested conditionals with guard clauses, simplify boolean expressions."
216,cognitive_complexity,cognitive_complexity,high,0.0,0.0,High cognitive complexity in analyze(),src/drift/signals/missing_authorization.py,92,1,"Reduce cognitive complexity of 'analyze' (currently 32, threshold 15): extract nested logic into helper functions, replace nested conditionals with guard clauses, simplify boolean expressions."
217,cognitive_complexity,cognitive_complexity,high,0.0,0.0,High cognitive complexity in analyze(),src/drift/signals/mutant_duplicates.py,154,1,"Reduce cognitive complexity of 'analyze' (currently 98, threshold 15): extract nested logic into helper functions, replace nested conditionals with guard clauses, simplify boolean expressions."
218,cognitive_complexity,cognitive_complexity,high,0.0,0.0,High cognitive complexity in analyze(),src/drift/signals/naming_contract_violation.py,299,1,"Reduce cognitive complexity of 'analyze' (currently 33, threshold 15): extract nested logic into helper functions, replace nested conditionals with guard clauses, simplify boolean expressions."
219,cognitive_complexity,cognitive_complexity,high,0.0,0.0,High cognitive complexity in analyze(),src/drift/signals/pattern_fragmentation.py,89,1,"Reduce cognitive complexity of 'analyze' (currently 30, threshold 15): extract nested logic into helper functions, replace nested conditionals with guard clauses, simplify boolean expressions."
220,cognitive_complexity,cognitive_complexity,medium,0.0,0.0,High cognitive complexity in analyze(),src/drift/signals/system_misalignment.py,188,1,"Reduce cognitive complexity of 'analyze' (currently 21, threshold 15): extract nested logic into helper functions, replace nested conditionals with guard clauses, simplify boolean expressions."
221,cognitive_complexity,cognitive_complexity,high,0.0,0.0,High cognitive complexity in analyze(),src/drift/signals/temporal_volatility.py,51,1,"Reduce cognitive complexity of 'analyze' (currently 33, threshold 15): extract nested logic into helper functions, replace nested conditionals with guard clauses, simplify boolean expressions."
222,cognitive_complexity,cognitive_complexity,medium,0.0,0.0,High cognitive complexity in filter_findings(),src/drift/suppression.py,60,1,"Reduce cognitive complexity of 'filter_findings' (currently 22, threshold 15): extract nested logic into helper functions, replace nested conditionals with guard clauses, simplify boolean expressions."
223,cognitive_complexity,cognitive_complexity,medium,0.0,0.0,High cognitive complexity in build_timeline(),src/drift/timeline.py,207,1,"Reduce cognitive complexity of 'build_timeline' (currently 17, threshold 15): extract nested logic into helper functions, replace nested conditionals with guard clauses, simplify boolean expressions."
224,dead_code_accumulation,dead_code_accumulation,high,0.0,0.0,2 potentially unused exports in benchmark_repos.py,scripts/benchmark_repos.py,,1,"Review and remove 2 unused exports in benchmark_repos.py: run_drift, clone_and_analyze. If they are framework entry-points or dynamically loaded, mark with # drift:ignore or add to exclude patterns."
225,dead_code_accumulation,dead_code_accumulation,high,0.0,0.0,5 potentially unused exports in check_repo_hygiene.py,scripts/check_repo_hygiene.py,,1,"Review and remove 5 unused exports in check_repo_hygiene.py: load_entries, git_tracked_files, find_violations, tracked_root_entries, find_root_violations. If they are framework entry-points or dynamically loaded, mark with # drift:ignore or add to exclude patterns."
226,dead_code_accumulation,dead_code_accumulation,high,0.0,0.0,2 potentially unused exports in check_version.py,scripts/check_version.py,,1,"Review and remove 2 unused exports in check_version.py: check_pyproject_semver, check_tag_against_pyproject. If they are framework entry-points or dynamically loaded, mark with # drift:ignore or add to exclude patterns."
227,dead_code_accumulation,dead_code_accumulation,high,0.0,0.0,2 potentially unused exports in copilot_behavioral_benchmark.py,scripts/copilot_behavioral_benchmark.py,,1,"Review and remove 2 unused exports in copilot_behavioral_benchmark.py: record_results, show_results. If they are framework entry-points or dynamically loaded, mark with # drift:ignore or add to exclude patterns."
228,dead_code_accumulation,dead_code_accumulation,high,0.0,0.0,2 potentially unused exports in copilot_context_benchmark.py,scripts/copilot_context_benchmark.py,,1,"Review and remove 2 unused exports in copilot_context_benchmark.py: run_benchmark, print_report. If they are framework entry-points or dynamically loaded, mark with # drift:ignore or add to exclude patterns."
229,dead_code_accumulation,dead_code_accumulation,high,0.0,0.0,2 potentially unused exports in generate_annotation_sheet.py,scripts/generate_annotation_sheet.py,,1,"Review and remove 2 unused exports in generate_annotation_sheet.py: generate, evaluate. If they are framework entry-points or dynamically loaded, mark with # drift:ignore or add to exclude patterns."
230,dead_code_accumulation,dead_code_accumulation,high,0.0,0.0,8 potentially unused exports in generate_demo_gif.py,scripts/generate_demo_gif.py,,1,"Review and remove 8 unused exports in generate_demo_gif.py: load_font, strip_ansi, run_cmd, to_lines, draw_frame, typing_frames, output_frames, build_demo. If they are framework entry-points or dynamically loaded, mark with # drift:ignore or add to exclude patterns."
231,dead_code_accumulation,dead_code_accumulation,high,0.0,0.0,3 potentially unused exports in holdout_validation.py,scripts/holdout_validation.py,,1,"Review and remove 3 unused exports in holdout_validation.py: run_loocv, FoldResult, LOOCVResult. If they are framework entry-points or dynamically loaded, mark with # drift:ignore or add to exclude patterns."
232,dead_code_accumulation,dead_code_accumulation,high,0.0,0.0,3 potentially unused exports in package_kpis.py,scripts/package_kpis.py,,1,"Review and remove 3 unused exports in package_kpis.py: compute_monthly_kpis, UsageEvent, DefectEvent. If they are framework entry-points or dynamically loaded, mark with # drift:ignore or add to exclude patterns."
233,dead_code_accumulation,dead_code_accumulation,high,0.0,0.0,5 potentially unused exports in release_automation.py,scripts/release_automation.py,,1,"Review and remove 5 unused exports in release_automation.py: run_tests, get_latest_version, get_remote_sha, run_pre_push_preflight, create_github_release. If they are framework entry-points or dynamically loaded, mark with # drift:ignore or add to exclude patterns."
234,dead_code_accumulation,dead_code_accumulation,high,0.0,0.0,11 potentially unused exports in temporal_drift.py,scripts/temporal_drift.py,,1,"Review and remove 11 unused exports in temporal_drift.py: list_commits, resolve_tags, create_worktree, remove_worktree, analyze_commit, run_temporal_analysis, run_tag_analysis, print_timeline, write_csv, write_json. If they are framework entry-points or dynamically loaded, mark with # drift:ignore or add to exclude patterns."
235,dead_code_accumulation,dead_code_accumulation,high,0.0,0.0,14 potentially unused exports in cache.py,src/drift/cache.py,,1,"Review and remove 14 unused exports in cache.py: ParseCache.__init__, ParseCache._evict_stale, ParseCache.file_hash, ParseCache._cache_path, ParseCache.get, ParseCache.put, SignalCache.__init__, SignalCache._evict_stale, SignalCache.config_fingerprint, SignalCache.content_hash_for_results. If they are framework entry-points or dynamically loaded, mark with # drift:ignore or add to exclude patterns."
236,dead_code_accumulation,dead_code_accumulation,medium,0.0,0.0,6 potentially unused exports in config.py,src/drift/config.py,,1,"Review and remove 6 unused exports in config.py: SignalWeights.as_dict, DriftConfig._find_config_file, DriftConfig._load_toml, DriftConfig.load, DriftConfig.severity_gate, DeferredArea. If they are framework entry-points or dynamically loaded, mark with # drift:ignore or add to exclude patterns."
237,dead_code_accumulation,dead_code_accumulation,high,0.0,0.0,15 potentially unused exports in embeddings.py,src/drift/embeddings.py,,1,"Review and remove 15 unused exports in embeddings.py: embeddings_available, EmbeddingCache.__init__, EmbeddingCache._key, EmbeddingCache.get, EmbeddingCache.put, EmbeddingCache.get_batch, EmbeddingService.__init__, EmbeddingService._ensure_model, EmbeddingService.embed_text, EmbeddingService.embed_texts. If they are framework entry-points or dynamically loaded, mark with # drift:ignore or add to exclude patterns."
238,dead_code_accumulation,dead_code_accumulation,medium,0.0,0.0,5 potentially unused exports in errors.py,src/drift/errors.py,,1,"Review and remove 5 unused exports in errors.py: ErrorInfo.format, DriftError.__init__, DriftError.hint, DriftError.detail, ErrorInfo. If they are framework entry-points or dynamically loaded, mark with # drift:ignore or add to exclude patterns."
239,dead_code_accumulation,dead_code_accumulation,high,0.0,0.0,9 potentially unused exports in ast_parser.py,src/drift/ingestion/ast_parser.py,,1,"Review and remove 9 unused exports in ast_parser.py: PythonFileParser.__init__, PythonFileParser.parse, PythonFileParser._walk_excluding_nested, PythonFileParser._process_function, PythonFileParser.visit_FunctionDef, PythonFileParser.visit_AsyncFunctionDef, PythonFileParser.visit_ClassDef, PythonFileParser.visit_Import, PythonFileParser.visit_ImportFrom. If they are framework entry-points or dynamically loaded, mark with # drift:ignore or add to exclude patterns."
240,dead_code_accumulation,dead_code_accumulation,medium,0.0,0.0,6 potentially unused exports in models.py,src/drift/models.py,,1,"Review and remove 6 unused exports in models.py: Finding.__post_init__, ModuleScore.severity, RepoAnalysis.severity, RepoAnalysis.is_degraded, RepoAnalysis.is_fully_reliable, RepoAnalysis.findings_by_severity. If they are framework entry-points or dynamically loaded, mark with # drift:ignore or add to exclude patterns."
241,dead_code_accumulation,dead_code_accumulation,medium,0.0,0.0,3 potentially unused exports in rich_output.py,src/drift/output/rich_output.py,,1,"Review and remove 3 unused exports in rich_output.py: render_summary, render_module_table, render_module_detail. If they are framework entry-points or dynamically loaded, mark with # drift:ignore or add to exclude patterns."
242,dead_code_accumulation,dead_code_accumulation,high,0.0,0.0,11 potentially unused exports in architecture_violation.py,src/drift/signals/architecture_violation.py,,1,"Review and remove 11 unused exports in architecture_violation.py: ArchitectureViolationSignal.signal_type, ArchitectureViolationSignal.name, ArchitectureViolationSignal.analyze, ArchitectureViolationSignal._check_boundary, ArchitectureViolationSignal._check_inferred_layers, ArchitectureViolationSignal._check_circular_deps, ArchitectureViolationSignal._check_blast_radius, ArchitectureViolationSignal._check_instability, ArchitectureViolationSignal._check_god_modules, ArchitectureViolationSignal._check_unstable_dependencies. If they are framework entry-points or dynamically loaded, mark with # drift:ignore or add to exclude patterns."
243,dead_code_accumulation,dead_code_accumulation,high,0.0,0.0,10 potentially unused exports in base.py,src/drift/signals/base.py,,1,"Review and remove 10 unused exports in base.py: SignalCapabilities.from_analysis_context, BaseSignal.__init__, BaseSignal.bind_context, BaseSignal.repo_path, BaseSignal.embedding_service, BaseSignal.commits, BaseSignal.signal_type, BaseSignal.name, BaseSignal.analyze, registered_signals. If they are framework entry-points or dynamically loaded, mark with # drift:ignore or add to exclude patterns."
244,dead_code_accumulation,dead_code_accumulation,medium,0.0,0.0,3 potentially unused exports in broad_exception_monoculture.py,src/drift/signals/broad_exception_monoculture.py,,1,"Review and remove 3 unused exports in broad_exception_monoculture.py: BroadExceptionMonocultureSignal.signal_type, BroadExceptionMonocultureSignal.name, BroadExceptionMonocultureSignal.analyze. If they are framework entry-points or dynamically loaded, mark with # drift:ignore or add to exclude patterns."
245,dead_code_accumulation,dead_code_accumulation,medium,0.0,0.0,3 potentially unused exports in bypass_accumulation.py,src/drift/signals/bypass_accumulation.py,,1,"Review and remove 3 unused exports in bypass_accumulation.py: BypassAccumulationSignal.signal_type, BypassAccumulationSignal.name, BypassAccumulationSignal.analyze. If they are framework entry-points or dynamically loaded, mark with # drift:ignore or add to exclude patterns."
246,dead_code_accumulation,dead_code_accumulation,medium,0.0,0.0,3 potentially unused exports in circular_import.py,src/drift/signals/circular_import.py,,1,"Review and remove 3 unused exports in circular_import.py: CircularImportSignal.signal_type, CircularImportSignal.name, CircularImportSignal.analyze. If they are framework entry-points or dynamically loaded, mark with # drift:ignore or add to exclude patterns."
247,dead_code_accumulation,dead_code_accumulation,medium,0.0,0.0,3 potentially unused exports in co_change_coupling.py,src/drift/signals/co_change_coupling.py,,1,"Review and remove 3 unused exports in co_change_coupling.py: CoChangeCouplingSignal.signal_type, CoChangeCouplingSignal.name, CoChangeCouplingSignal.analyze. If they are framework entry-points or dynamically loaded, mark with # drift:ignore or add to exclude patterns."
248,dead_code_accumulation,dead_code_accumulation,high,0.0,0.0,4 potentially unused exports in cognitive_complexity.py,src/drift/signals/cognitive_complexity.py,,1,"Review and remove 4 unused exports in cognitive_complexity.py: CognitiveComplexitySignal.signal_type, CognitiveComplexitySignal.name, CognitiveComplexitySignal.analyze, CognitiveComplexitySignal._read_source. If they are framework entry-points or dynamically loaded, mark with # drift:ignore or add to exclude patterns."
249,dead_code_accumulation,dead_code_accumulation,medium,0.0,0.0,3 potentially unused exports in cohesion_deficit.py,src/drift/signals/cohesion_deficit.py,,1,"Review and remove 3 unused exports in cohesion_deficit.py: CohesionDeficitSignal.signal_type, CohesionDeficitSignal.name, CohesionDeficitSignal.analyze. If they are framework entry-points or dynamically loaded, mark with # drift:ignore or add to exclude patterns."
250,dead_code_accumulation,dead_code_accumulation,medium,0.0,0.0,3 potentially unused exports in dead_code_accumulation.py,src/drift/signals/dead_code_accumulation.py,,1,"Review and remove 3 unused exports in dead_code_accumulation.py: DeadCodeAccumulationSignal.signal_type, DeadCodeAccumulationSignal.name, DeadCodeAccumulationSignal.analyze. If they are framework entry-points or dynamically loaded, mark with # drift:ignore or add to exclude patterns."
251,dead_code_accumulation,dead_code_accumulation,high,0.0,0.0,8 potentially unused exports in doc_impl_drift.py,src/drift/signals/doc_impl_drift.py,,1,"Review and remove 8 unused exports in doc_impl_drift.py: DocImplDriftSignal.signal_type, DocImplDriftSignal.name, DocImplDriftSignal.analyze, DocImplDriftSignal._scan_adr_files, DocImplDriftSignal._discover_adr_dirs, DocImplDriftSignal._find_readme, DocImplDriftSignal._source_directories, DocImplDriftSignal._actual_import_modules. If they are framework entry-points or dynamically loaded, mark with # drift:ignore or add to exclude patterns."
252,dead_code_accumulation,dead_code_accumulation,medium,0.0,0.0,3 potentially unused exports in exception_contract_drift.py,src/drift/signals/exception_contract_drift.py,,1,"Review and remove 3 unused exports in exception_contract_drift.py: ExceptionContractDriftSignal.signal_type, ExceptionContractDriftSignal.name, ExceptionContractDriftSignal.analyze. If they are framework entry-points or dynamically loaded, mark with # drift:ignore or add to exclude patterns."
253,dead_code_accumulation,dead_code_accumulation,medium,0.0,0.0,3 potentially unused exports in explainability_deficit.py,src/drift/signals/explainability_deficit.py,,1,"Review and remove 3 unused exports in explainability_deficit.py: ExplainabilityDeficitSignal.signal_type, ExplainabilityDeficitSignal.name, ExplainabilityDeficitSignal.analyze. If they are framework entry-points or dynamically loaded, mark with # drift:ignore or add to exclude patterns."
254,dead_code_accumulation,dead_code_accumulation,medium,0.0,0.0,3 potentially unused exports in fan_out_explosion.py,src/drift/signals/fan_out_explosion.py,,1,"Review and remove 3 unused exports in fan_out_explosion.py: FanOutExplosionSignal.signal_type, FanOutExplosionSignal.name, FanOutExplosionSignal.analyze. If they are framework entry-points or dynamically loaded, mark with # drift:ignore or add to exclude patterns."
255,dead_code_accumulation,dead_code_accumulation,medium,0.0,0.0,3 potentially unused exports in guard_clause_deficit.py,src/drift/signals/guard_clause_deficit.py,,1,"Review and remove 3 unused exports in guard_clause_deficit.py: GuardClauseDeficitSignal.signal_type, GuardClauseDeficitSignal.name, GuardClauseDeficitSignal.analyze. If they are framework entry-points or dynamically loaded, mark with # drift:ignore or add to exclude patterns."
256,dead_code_accumulation,dead_code_accumulation,high,0.0,0.0,7 potentially unused exports in hardcoded_secret.py,src/drift/signals/hardcoded_secret.py,,1,"Review and remove 7 unused exports in hardcoded_secret.py: HardcodedSecretSignal.signal_type, HardcodedSecretSignal.name, HardcodedSecretSignal.analyze, HardcodedSecretSignal._check_assignment, HardcodedSecretSignal._extract_var_name, HardcodedSecretSignal._evaluate_value, HardcodedSecretSignal._make_finding. If they are framework entry-points or dynamically loaded, mark with # drift:ignore or add to exclude patterns."
257,dead_code_accumulation,dead_code_accumulation,high,0.0,0.0,7 potentially unused exports in insecure_default.py,src/drift/signals/insecure_default.py,,1,"Review and remove 7 unused exports in insecure_default.py: InsecureDefaultSignal.signal_type, InsecureDefaultSignal.name, InsecureDefaultSignal.analyze, InsecureDefaultSignal._check_tree, InsecureDefaultSignal._target_name, InsecureDefaultSignal._run_assign_checks, InsecureDefaultSignal._make_finding. If they are framework entry-points or dynamically loaded, mark with # drift:ignore or add to exclude patterns."
258,dead_code_accumulation,dead_code_accumulation,medium,0.0,0.0,3 potentially unused exports in missing_authorization.py,src/drift/signals/missing_authorization.py,,1,"Review and remove 3 unused exports in missing_authorization.py: MissingAuthorizationSignal.signal_type, MissingAuthorizationSignal.name, MissingAuthorizationSignal.analyze. If they are framework entry-points or dynamically loaded, mark with # drift:ignore or add to exclude patterns."
259,dead_code_accumulation,dead_code_accumulation,high,0.0,0.0,4 potentially unused exports in mutant_duplicates.py,src/drift/signals/mutant_duplicates.py,,1,"Review and remove 4 unused exports in mutant_duplicates.py: MutantDuplicateSignal.signal_type, MutantDuplicateSignal.name, MutantDuplicateSignal.analyze, MutantDuplicateSignal._find_semantic_duplicates. If they are framework entry-points or dynamically loaded, mark with # drift:ignore or add to exclude patterns."
260,dead_code_accumulation,dead_code_accumulation,medium,0.0,0.0,3 potentially unused exports in naming_contract_violation.py,src/drift/signals/naming_contract_violation.py,,1,"Review and remove 3 unused exports in naming_contract_violation.py: NamingContractViolationSignal.signal_type, NamingContractViolationSignal.name, NamingContractViolationSignal.analyze. If they are framework entry-points or dynamically loaded, mark with # drift:ignore or add to exclude patterns."
261,dead_code_accumulation,dead_code_accumulation,medium,0.0,0.0,3 potentially unused exports in pattern_fragmentation.py,src/drift/signals/pattern_fragmentation.py,,1,"Review and remove 3 unused exports in pattern_fragmentation.py: PatternFragmentationSignal.signal_type, PatternFragmentationSignal.name, PatternFragmentationSignal.analyze. If they are framework entry-points or dynamically loaded, mark with # drift:ignore or add to exclude patterns."
262,dead_code_accumulation,dead_code_accumulation,medium,0.0,0.0,3 potentially unused exports in system_misalignment.py,src/drift/signals/system_misalignment.py,,1,"Review and remove 3 unused exports in system_misalignment.py: SystemMisalignmentSignal.signal_type, SystemMisalignmentSignal.name, SystemMisalignmentSignal.analyze. If they are framework entry-points or dynamically loaded, mark with # drift:ignore or add to exclude patterns."
263,dead_code_accumulation,dead_code_accumulation,high,0.0,0.0,5 potentially unused exports in temporal_volatility.py,src/drift/signals/temporal_volatility.py,,1,"Review and remove 5 unused exports in temporal_volatility.py: TemporalVolatilitySignal.signal_type, TemporalVolatilitySignal.name, TemporalVolatilitySignal.analyze, TemporalVolatilitySignal._mean, TemporalVolatilitySignal._std. If they are framework entry-points or dynamically loaded, mark with # drift:ignore or add to exclude patterns."
264,dead_code_accumulation,dead_code_accumulation,high,0.0,0.0,7 potentially unused exports in ts_architecture.py,src/drift/signals/ts_architecture.py,,1,"Review and remove 7 unused exports in ts_architecture.py: TypeScriptArchitectureSignal.signal_type, TypeScriptArchitectureSignal.name, TypeScriptArchitectureSignal.analyze, TypeScriptArchitectureSignal._run_circular, TypeScriptArchitectureSignal._run_cross_package, TypeScriptArchitectureSignal._run_layer_leak, TypeScriptArchitectureSignal._run_ui_to_infra. If they are framework entry-points or dynamically loaded, mark with # drift:ignore or add to exclude patterns."
265,dead_code_accumulation,dead_code_accumulation,medium,0.0,0.0,4 potentially unused exports in telemetry.py,src/drift/telemetry.py,,1,"Review and remove 4 unused exports in telemetry.py: telemetry_enabled, telemetry_file, current_run_id, estimate_tokens. If they are framework entry-points or dynamically loaded, mark with # drift:ignore or add to exclude patterns."
266,dead_code_accumulation,dead_code_accumulation,medium,0.0,0.0,3 potentially unused exports in timeline.py,src/drift/timeline.py,,1,"Review and remove 3 unused exports in timeline.py: DriftEvent, ModuleTimeline, AiBurst. If they are framework entry-points or dynamically loaded, mark with # drift:ignore or add to exclude patterns."
267,dead_code_accumulation,dead_code_accumulation,medium,0.0,0.0,5 potentially unused exports in ground_truth.py,tests/fixtures/ground_truth.py,,1,"Review and remove 5 unused exports in ground_truth.py: GroundTruthFixture.materialize, GroundTruthFixture.tp_expectations, GroundTruthFixture.fp_expectations, GroundTruthFixture.inferred_kind, FileHistoryOverride. If they are framework entry-points or dynamically loaded, mark with # drift:ignore or add to exclude patterns."
268,fan_out_explosion,fan_out_explosion,medium,0.0,0.0,Fan-out explosion in copilot_context_benchmark.py,scripts/copilot_context_benchmark.py,,1,"Reduce import fan-out of copilot_context_benchmark.py (currently 24, threshold 15): split responsibilities into focused modules, introduce a facade or mediator to consolidate deps."
269,fan_out_explosion,fan_out_explosion,medium,0.0,0.0,Fan-out explosion in diagnose_phases.py,scripts/diagnose_phases.py,,1,"Reduce import fan-out of diagnose_phases.py (currently 16, threshold 15): split responsibilities into focused modules, introduce a facade or mediator to consolidate deps."
270,fan_out_explosion,fan_out_explosion,medium,0.0,0.0,Fan-out explosion in holdout_validation.py,scripts/holdout_validation.py,,1,"Reduce import fan-out of holdout_validation.py (currently 25, threshold 15): split responsibilities into focused modules, introduce a facade or mediator to consolidate deps."
271,fan_out_explosion,fan_out_explosion,medium,0.0,0.0,Fan-out explosion in repair_benchmark.py,scripts/repair_benchmark.py,,1,"Reduce import fan-out of repair_benchmark.py (currently 16, threshold 15): split responsibilities into focused modules, introduce a facade or mediator to consolidate deps."
272,fan_out_explosion,fan_out_explosion,medium,0.0,0.0,Fan-out explosion in sensitivity_analysis.py,scripts/sensitivity_analysis.py,,1,"Reduce import fan-out of sensitivity_analysis.py (currently 22, threshold 15): split responsibilities into focused modules, introduce a facade or mediator to consolidate deps."
273,fan_out_explosion,fan_out_explosion,medium,0.0,0.0,Fan-out explosion in temporal_drift.py,scripts/temporal_drift.py,,1,"Reduce import fan-out of temporal_drift.py (currently 16, threshold 15): split responsibilities into focused modules, introduce a facade or mediator to consolidate deps."
274,fan_out_explosion,fan_out_explosion,medium,0.0,0.0,Fan-out explosion in api.py,src/drift/api.py,,1,"Reduce import fan-out of api.py (currently 17, threshold 15): split responsibilities into focused modules, introduce a facade or mediator to consolidate deps."
275,fan_out_explosion,fan_out_explosion,high,0.0,0.0,Fan-out explosion in cli.py,src/drift/cli.py,,1,"Reduce import fan-out of cli.py (currently 28, threshold 15): split responsibilities into focused modules, introduce a facade or mediator to consolidate deps."
276,fan_out_explosion,fan_out_explosion,medium,0.0,0.0,Fan-out explosion in analyze.py,src/drift/commands/analyze.py,,1,"Reduce import fan-out of analyze.py (currently 19, threshold 15): split responsibilities into focused modules, introduce a facade or mediator to consolidate deps."
277,fan_out_explosion,fan_out_explosion,medium,0.0,0.0,Fan-out explosion in check.py,src/drift/commands/check.py,,1,"Reduce import fan-out of check.py (currently 17, threshold 15): split responsibilities into focused modules, introduce a facade or mediator to consolidate deps."
278,hardcoded_secret,hardcoded_secret,high,0.0,0.0,Hardcoded secret in 'HARDCODED_SECRET',src/drift/models.py,48,1,Use os.environ['HARDCODED_SECRET'] or os.getenv('HARDCODED_SECRET') instead of a string literal.

